valtable_id,definition,description,vss_type,vss_labels
BOOL,0:FALSE;1:TRUE;2:ERR;3:NA,Value table for BOOL,boolean,FALSE|TRUE
PWRDNCMD,0:NR;1:NORMAL_POWER_DOWN;2:EMERGENCY_POWER_DOWN;3:NA,Value table for PWRDNCMD,enum,NORMAL_POWER_DOWN|EMERGENCY_POWER_DOWN
OFFON,0:OFF;1:ON;2:ERR;3:NA,Value table for OFFON,boolean,OFF|ON
NONEOFFON,0:NONE;1:OFF;2:ON;3:NA,Value table for NONEOFFON,enum,OFF|ON
MACHINESTATUS,0:KEY_OFF;1:KEY_ON;2:KEY_OFF_CHARGING;3:NA,Value table for MACHINESTATUS,enum,KEY_OFF|KEY_ON|KEY_OFF_CHARGING
CHARGINGSTATUS,0:CHARGING;1:CHARGING_PORT_WARNING;2:CHARGING_GUN_WARNING;3:AC_VOLTAGE_ABOVE_NORMAL;4:AC_VOLTAGE_BELOW_NORMAL;5:EVSE_SIGNAL_WARNING,Value table for CHARGINGSTATUS,enum,CHARGING|CHARGING_PORT_WARNING|CHARGING_GUN_WARNING|AC_VOLTAGE_ABOVE_NORMAL|AC_VOLTAGE_BELOW_NORMAL|EVSE_SIGNAL_WARNING
WRNLAMP,0:OFF;1:ON;2:BLINKING;3:SLOW_BLINKING,Value table for WRNLAMP,enum,OFF|ON|BLINKING|SLOW_BLINKING
WRNLAMPTXT,0:OFF;1:ON_TEXT1;2:BLINKING_TEXT1;3:SLOW_BLINKING_TEXT1;4:ND1;5:ON_TEXT3;6:BLINKING_TEXT3;7:SLOW_BLINKING_TEXT3;8:ND2;9:ON_TEXT2;10:BLINKING_TEXT2;11:SLOW_BLINKING_TEXT2;12:ND3;13:ON_TEXT4;14:BLINKING_TEXT4;15:SLOW_BLINKING_TEXT4,Value table for WRNLAMPTXT,enum,OFF|ON_TEXT1|BLINKING_TEXT1|SLOW_BLINKING_TEXT1|ON_TEXT3|BLINKING_TEXT3|SLOW_BLINKING_TEXT3|ON_TEXT2|BLINKING_TEXT2|SLOW_BLINKING_TEXT2|ON_TEXT4|BLINKING_TEXT4|SLOW_BLINKING_TEXT4
ANTDETECT,0:NORMAL;1:REMOVAL;2:SHORTED,Value table for ANTDETECT,enum,NORMAL|REMOVAL|SHORTED
TRVMODECR,0:LOW_SPEED;1:HIGH_SPEED;2:AUTO_SPEED;3:NA,Value table for TRVMODECR,enum,LOW_SPEED|HIGH_SPEED|AUTO_SPEED
WRKMODE,0:ND;1:BREAKER;2:TWO_WAY;3:RESERVED,Value table for WRKMODE,enum,BREAKER|TWO_WAY
GPSST,0:UNKNOWN;1:NO_FIX;2:2D;3:3D,Value table for GPSST,enum,NO_FIX|2D|3D
SMKFOBREG,0:NORMAL;1:SUCCESS;2:FAIL1;3:FAIL2,Value table for SMKFOBREG,enum,NORMAL|SUCCESS|FAIL1|FAIL2
SMKFOBDET,0:DEFAULT;1:DETECT_REQUEST,Value table for SMKFOBDET,enum,DEFAULT|DETECT_REQUEST
SMKFOBIDREQ,0:DEFAULT;1:REQUEST,Value table for SMKFOBIDREQ,enum,DEFAULT|REQUEST
CMDONOFF,0:NO_ACTION;1:ON;2:OFF;3:NA,Value table for CMDONOFF,enum,NO_ACTION|ON|OFF
EGSTARTCMD,0:NONE;1:ENGINE_ON;2:ENGINE_OFF;3:KEY_ON,Value table for EGSTARTCMD,enum,ENGINE_ON|ENGINE_OFF|KEY_ON
COLDSTART,0:OFF_PHASE_HEAT_OFF_AND_LAMP_OFF;1:PRE_HEATING_PHASE;2:STAND_BY_PHASE_WITH_HEATING;3:STAND_BY_PHASE_WITHOUT_HEATING;4:CRANK_PHASE;5:CRANK_WITH_EXTRA_HEATING_PHASE;6:POST_HEATING_PHASE;7:INITIALIZATION_PHASE;8:TEST_OF_GRID_HEATER_VOLTAGE,Value table for COLDSTART,enum,OFF_PHASE_HEAT_OFF_AND_LAMP_OFF|PRE_HEATING_PHASE|STAND_BY_PHASE_WITH_HEATING|STAND_BY_PHASE_WITHOUT_HEATING|CRANK_PHASE|CRANK_WITH_EXTRA_HEATING_PHASE|POST_HEATING_PHASE|INITIALIZATION_PHASE|TEST_OF_GRID_HEATER_VOLTAGE
FUELBLOCK,0:FUEL_RELEASED;1:FUEL_BLOCKED,Value table for FUELBLOCK,boolean,FUEL_RELEASED|FUEL_BLOCKED
LAMPST,0:OFF;1:ON;2:BLINKING;3:NA,Value table for LAMPST,enum,OFF|ON|BLINKING
WRNHIGH,0:NORMAL;1:ABOVE_OPERATION_RANGE;2:RESERVED;3:NA,Value table for WRNHIGH,enum,NORMAL|ABOVE_OPERATION_RANGE
LAMPBITST,0:OFF;1:ON;4:BLINKING,Value table for LAMPBITST,enum,OFF|ON|BLINKING
WRNLOW,0:NORMAL;1:BELOW_OPERATION_RANGE;2:RESERVED;3:NA,Value table for WRNLOW,enum,NORMAL|BELOW_OPERATION_RANGE
WRN,0:NORMAL;1:WARNING;2:RESERVED;3:NA,Value table for WRN,boolean,NORMAL|WARNING
EDCOPRST,0:NORMAL_OPERATION;1:AFTERRUN_DRIVE;2:DIAGNOSTIC_TEST,Value table for EDCOPRST,enum,NORMAL_OPERATION|AFTERRUN_DRIVE|DIAGNOSTIC_TEST
PTOST,0:OFF_DISABLED;1:HOLD;2:REMOTE_HOLD;3:STANDBY;4:REMOTE_STANDBY;5:SET;6:DECELERATE_COAST;7:RESUME;8:ACCELERATE;9:ACCELERATOR_OVERRIDE;10:PREPROGRAMMED_SET_SPEED_1;11:PREPROGRAMMED_SET_SPEED_2;12:PREPROGRAMMED_SET_SPEED_3;13:PREPROGRAMMED_SET_SPEED_4;14:PREPROGRAMMED_SET_SPEED_5;15:PREPROGRAMMED_SET_SPEED_6;16:PREPROGRAMMED_SET_SPEED_7;17:PREPROGRAMMED_SET_SPEED_8;18:PTO_SET_SPEED_MEMORY_1;19:PTO_SET_SPEED_MEMORY_2;31:NA,Value table for PTOST,enum,OFF_DISABLED|HOLD|REMOTE_HOLD|STANDBY|REMOTE_STANDBY|SET|DECELERATE_COAST|RESUME|ACCELERATE|ACCELERATOR_OVERRIDE|PREPROGRAMMED_SET_SPEED_1|PREPROGRAMMED_SET_SPEED_2|PREPROGRAMMED_SET_SPEED_3|PREPROGRAMMED_SET_SPEED_4|PREPROGRAMMED_SET_SPEED_5|PREPROGRAMMED_SET_SPEED_6|PREPROGRAMMED_SET_SPEED_7|PREPROGRAMMED_SET_SPEED_8|PTO_SET_SPEED_MEMORY_1|PTO_SET_SPEED_MEMORY_2
DPFACTREGENST,0:NOT_ACTIVE;1:ACTIVE;2:REGENERATION_NEEDED;3:NA,Value table for DPFACTREGENST,enum,NOT_ACTIVE|ACTIVE|REGENERATION_NEEDED
DPFACTREGENIHBSW,0:NOT_INHIBITED;1:INHIBITED;3:NA,Value table for DPFACTREGENIHBSW,boolean,NOT_INHIBITED|INHIBITED
ATDEFPPT,0:UREA_CONCENTRATION_TOO_HIGH;1:UREA_CONCENTRATION_TOO_LOW;2:FLUID_IS_DIESEL;3:DEF_IS_PROPER_MIXTURE;13:NOT_ABLE_TO_DETERMINE;14:ERR;15:NA,Value table for ATDEFPPT,enum,UREA_CONCENTRATION_TOO_HIGH|UREA_CONCENTRATION_TOO_LOW|FLUID_IS_DIESEL|DEF_IS_PROPER_MIXTURE|NOT_ABLE_TO_DETERMINE
ATSELCATALREDOPRINDACT,0:OFF;1:ON;4:BLINKING;7:NA,Value table for ATSELCATALREDOPRINDACT,enum,OFF|ON|BLINKING
ATGASSSHTCONT,0:AUTOMATIC;1:PREHEAT_2;2:PREHEAT_1;3:HEATER_OFF,Value table for ATGASSSHTCONT,enum,AUTOMATIC|PREHEAT_2|PREHEAT_1|HEATER_OFF
EGOVRCONTMD,0:OVERRIDE_DISABLED;1:SPEED_CONTROL;2:TORQUE_CONTROL;3:SPEED_TORQUE_LIMIT_CONTROL,Value table for EGOVRCONTMD,enum,OVERRIDE_DISABLED|SPEED_CONTROL|TORQUE_CONTROL|SPEED_TORQUE_LIMIT_CONTROL
PRI,0:HIGHEST;1:HIGH;2:MEDIUM;3:LOW,Value table for PRI,enum,HIGHEST|HIGH|MEDIUM|LOW
TRACTIONCONT,0:OFF;1:LOW;2:MEDIUM;3:HIGH;4:AUTO,Value table for TRACTIONCONT,enum,OFF|LOW|MEDIUM|HIGH|AUTO
POWMD,0:ECO;1:STD;2:PWR;3:NA,Value table for POWMD,enum,ECO|STD|PWR
MAXSPD,0:NEUTRAL;1:SPEED_1;2:SPEED_2;3:SPEED_3;4:SPEED_4;5:SPEED_5,Value table for MAXSPD,enum,NEUTRAL|SPEED_1|SPEED_2|SPEED_3|SPEED_4|SPEED_5
RPMREQMD,0:AUTOIDLE;1:LIMPHOME;3:NONE,Value table for RPMREQMD,enum,AUTOIDLE|LIMPHOME
NFR,0:POSITION_N;1:POSITION_F;2:POSITION_R;3:TCU_REQUIRES_N_POSITION,Value table for NFR,enum,POSITION_N|POSITION_F|POSITION_R|TCU_REQUIRES_N_POSITION
GRST,0:NEUTRAL;1:GEAR_1;2:GEAR_2;3:GEAR_3;4:GEAR_4;5:GEAR_5;6:GEAR_6;7:LIMP_HOME,Value table for GRST,enum,NEUTRAL|GEAR_1|GEAR_2|GEAR_3|GEAR_4|GEAR_5|GEAR_6|LIMP_HOME
OPMD,0:NORMAL;1:SUBSTITUTE_CLUTCH_CONTROL;2:LIMP_HOME;3:TRANSMISSION_SHUTDOWN;4:TCU_SHUTDOWN;5:TCU_KEY_OFF;6:TCU_IDLE,Value table for OPMD,enum,NORMAL|SUBSTITUTE_CLUTCH_CONTROL|LIMP_HOME|TRANSMISSION_SHUTDOWN|TCU_SHUTDOWN|TCU_KEY_OFF|TCU_IDLE
MCHKEYONST,0:KEY_OFF;1:KEY_ON;2:KEY_OFF_CHARGING;3:ND,Value table for MCHKEYONST,enum,KEY_OFF|KEY_ON|KEY_OFF_CHARGING
TWOWAYOPT,0:ND;1:JOYSTICK_THUMB_WHEEL;2:OPTION_PEDAL,Value table for TWOWAYOPT,enum,JOYSTICK_THUMB_WHEEL|OPTION_PEDAL
ISOBHL,0:OFF;1:ISO;2:BHL,Value table for ISOBHL,enum,OFF|ISO|BHL
TRVMDWHL,0:1;1:2;2:3;3:ND,Value table for TRVMDWHL,enum,1|2|3
HHMNTLGC,0:OFF;1:3000M_OR_LESS;2:4000M_OR_LESS;3:4000M_EXCEED,Value table for HHMNTLGC,enum,OFF|3000M_OR_LESS|4000M_OR_LESS|4000M_EXCEED
BRAKERACT,0:STOP;1:RUNNING;2:FORCED_STOP;3:NA,Value table for BRAKERACT,enum,STOP|RUNNING|FORCED_STOP
TRVMDWLD,0:MANUAL;1:AUTO_SPEED_1;2:AUTO_SPEED_2;3:ND,Value table for TRVMDWLD,enum,MANUAL|AUTO_SPEED_1|AUTO_SPEED_2
HSTMDWLD,0:MAX;1:AUTO;2:SLIP;3:ND,Value table for HSTMDWLD,enum,MAX|AUTO|SLIP
OPRPOWMD,0:P_HDI;1:S_HDI;2:E_HDI;3:A_HDI;4:P_PLUS_HDI;5:I_HCE;6:L_HCE;7:E_HCE;8:P_HCE;9:HP_HCE;10:AP_HCE;11:P_SMART_HCE,Value table for OPRPOWMD,enum,P_HDI|S_HDI|E_HDI|A_HDI|P_PLUS_HDI|I_HCE|L_HCE|E_HCE|P_HCE|HP_HCE|AP_HCE|P_SMART_HCE
OPRMD,0:NORMAL;1:DIGGING,Value table for OPRMD,enum,NORMAL|DIGGING
COLDSTARTMCU,0:OFF;1:TRSM_PRE_HEATING;2:GEAR_NEUTRAL_FOR_PRE_HEATING;3:NO_FOOT_ON_PDL_FOR_PRE_HEAT;4:PARKING_BRAKE_FOR_PRE_HEATING;5:FAULT_WHILE_PRE_HEATING;6:SLOW_BLINKING;7:NORMAL_BLINKING,Value table for COLDSTART_MCU,enum,OFF|TRSM_PRE_HEATING|GEAR_NEUTRAL_FOR_PRE_HEATING|NO_FOOT_ON_PDL_FOR_PRE_HEAT|PARKING_BRAKE_FOR_PRE_HEATING|FAULT_WHILE_PRE_HEATING|SLOW_BLINKING|NORMAL_BLINKING
WHLDRVMD,0:OFF;1:FRONTALIGNREQ;2:REARALIGNREQ;3:ALIGNCOMPLETE,Value table for WHLDRVMD,enum,OFF|FRONTALIGNREQ|REARALIGNREQ|ALIGNCOMPLETE
VHCSTSYMB,0:OFF;1:GREY;2:GREEN;3:YELLOW,Value table for VHCSTSYMB,enum,OFF|GREY|GREEN|YELLOW
DAC,0:NOT_READY;1:STAND_BY;2:MANUAL;3:AUTO;4:INTERLOCK;5:SUSPEND_AUTO,Value table for DAC,enum,NOT_READY|STAND_BY|MANUAL|AUTO|INTERLOCK|SUSPEND_AUTO
CHMSL,0:OFF;1:BRAKE_ON;2:STANDBY_WORKING_CONTINUOUS;3:WORKING_STATUS_FLASHING;4:SWING_RIGHT;5:SWING_LEFT;6:OBJECT_SENSING_FAST_FLASHING,Value table for CHMSL,enum,OFF|BRAKE_ON|STANDBY_WORKING_CONTINUOUS|WORKING_STATUS_FLASHING|SWING_RIGHT|SWING_LEFT|OBJECT_SENSING_FAST_FLASHING
MCHCOND,0:IDLE_CONDITION;1:WORKING_CONDITION;2:ERR;3:STANDSTILL_CONDITION,Value table for MCHCOND,enum,IDLE_CONDITION|WORKING_CONDITION|STANDSTILL_CONDITION
PILOTCUTOFFST,0:UNLOCK;1:MANUAL_LOCK;2:AUTO_LOCK;3:NA,Value table for PILOTCUTOFFST,enum,UNLOCK|MANUAL_LOCK|AUTO_LOCK
BODYST,0:OFF;1:HOLD;2:FLOAT;3:ND,Value table for BODYST,enum,OFF|HOLD|FLOAT
ECOSYMBOL,0:GREEN;1:YELLOW;2:RED;3:WHITE,Value table for ECOSYMBOL,enum,GREEN|YELLOW|RED|WHITE
PROGRESS,0:NONE;1:IN_PROGRESS;2:COMPLETE;3:NA,Value table for PROGRESS,enum,IN_PROGRESS|COMPLETE
PROGRESS2,0:IN_PROGRESS;1:COMPLETE,Value table for PROGRESS2,enum,IN_PROGRESS|COMPLETE
MANAUTO,0:MANUAL;1:AUTO;2:ERR;3:NA,Value table for MANAUTO,enum,MANUAL|AUTO
ADMINSET,0:NONE;1:IGNITION_LOCK;2:ATTACHMENT;4:ENTERTAINMENT_RESTRICT,Value table for ADMINSET,enum,IGNITION_LOCK|ATTACHMENT|ENTERTAINMENT_RESTRICT
UPTIME,0:ALWAYS;1:1MIN;2:5MIN;3:NA,Value table for UPTIME,enum,ALWAYS|1MIN|5MIN
HYDELEC,0:HYDRAULIC;1:ELECTRIC;2:ELECTRONIC,Value table for HYDELEC,enum,HYDRAULIC|ELECTRIC|ELECTRONIC
JOYPDL,0:NA;1:JOYSTICK;2:OPTION_PEDAL,Value table for JOYPDL,enum,JOYSTICK|OPTION_PEDAL
THMBWHL,0:SLOW;1:NORMAL;2:FAST,Value table for THMBWHL,enum,SLOW|NORMAL|FAST
MULTIFUNC,0:WIPER_ON;1:SMART_BOOM_CUT;2:CAMERA_VIEW_MODE_CHANGE;3:RAM_LOCK_STATUS_CHANGE;4:AUDIO_MUTE;5:AUTO_BREAKER;6:FRONT_LIMITATION;7:ND,Value table for MULTIFUNC,enum,WIPER_ON|SMART_BOOM_CUT|CAMERA_VIEW_MODE_CHANGE|RAM_LOCK_STATUS_CHANGE|AUDIO_MUTE|AUTO_BREAKER|FRONT_LIMITATION
EMSCTRL,0:TIER2;1:TIER3;2:TIER4I;3:TIER4F;4:STAGEV;5:NR4;128:NA,Value table for EMSCTRL,enum,TIER2|TIER3|TIER4I|TIER4F|STAGEV|NR4
MCHGEN,0:DX;1:U;2:V;3:C;4:B;5:W;96:JD;108:AGK;128:DL;129:H;130:K;131:S;132:SD;133:G;224:D,Value table for MCHGEN,enum,DX|U|V|C|B|W|JD|AGK|DL|H|K|S|SD|G|D
MCHTYPE,0:CRAWLER;1:LONG_CRAWLER;2:LOGLOADER;3:REDUCED_TAIL;4:ZERO_TAIL;5:MOUNTAIN;6:WHEEL;7:LOADER;8:DOZER;9:MATERIAL_HANDLER;10:MATERIAL_HANDLER_WHEEL;11:DRILL_RIG;12:COMPACT_TRACK_LOADER;13:ROAD_BUILDER;14:ADT,Value table for MCHTYPE,enum,CRAWLER|LONG_CRAWLER|LOGLOADER|REDUCED_TAIL|ZERO_TAIL|MOUNTAIN|WHEEL|LOADER|DOZER|MATERIAL_HANDLER|MATERIAL_HANDLER_WHEEL|DRILL_RIG|COMPACT_TRACK_LOADER|ROAD_BUILDER|ADT
EGMAKER,0:NONE;1:DEVELON;2:SCANIA;3:CUMMINS;4:PERKINS;5:ISUZU;7:YANMAR;8:DAEDONG;9:KUBOTA;10:WEICHAI,Value table for EGMAKER,enum,DEVELON|SCANIA|CUMMINS|PERKINS|ISUZU|YANMAR|DAEDONG|KUBOTA|WEICHAI
ECUMAKER,0:NONE;1:BOSCH_DL06_DL08;2:SCANIA;3:CUMMINS;4:PERKINS_2506J;5:ISUZU;6:BOSCH_G2;7:HITACHI;8:PERKINS_1204J;9:WOODWARD;10:BOSCH_EDC7;11:WEIFU;12:PERKINS_2506J_UNIFIED;13:BOSCH_DX05_DX08;14:KUBOTA;15:ECU_MAKER_2,Value table for ECUMAKER,enum,BOSCH_DL06_DL08|SCANIA|CUMMINS|PERKINS_2506J|ISUZU|BOSCH_G2|HITACHI|PERKINS_1204J|WOODWARD|BOSCH_EDC7|WEIFU|PERKINS_2506J_UNIFIED|BOSCH_DX05_DX08|KUBOTA|ECU_MAKER_2
PMPTYPE,0:NEGACON;1:POSICON;2:OPEN_CENTER;3:VBO;4:LS,Value table for PMPTYPE,enum,NEGACON|POSICON|OPEN_CENTER|VBO|LS
MECHELEC,0:MECHANIC;1:ELECTRIC,Value table for MECHELEC,enum,MECHANIC|ELECTRIC
MCVCTRLTYPE,0:MECHANIC;1:VBO;2:FEH,Value table for MCVCTRLTYPE,enum,MECHANIC|VBO|FEH
TCUTYPE,0:HDT;1:HST;2:CVT;3:HDT_LEVEL1,Value table for TCUTYPE,enum,HDT|HST|CVT|HDT_LEVEL1
REGION,0:KOREA;1:CHINA;2:ADVANCED;3:EMERGING;4:US,Value table for REGION,enum,KOREA|CHINA|ADVANCED|EMERGING|US
BTN,0:PUSH;1:TOGGLE;2:PROPOTIONAL;3:NA,Value table for BTN,enum,PUSH|TOGGLE|PROPOTIONAL
GYR,0:GREEN;1:YELLOW;2:RED,Value table for GYR,enum,GREEN|YELLOW|RED
WGHST,0:READY;1:ESTIMATE;2:CONFIRM;3:COMPLETE;4:ESTIMATE_TRUCK_TIP_OFF;5:CONFIRM_TRUCK_TIP_OFF,Value table for WGHST,enum,READY|ESTIMATE|CONFIRM|COMPLETE|ESTIMATE_TRUCK_TIP_OFF|CONFIRM_TRUCK_TIP_OFF
WGHCNTST,0:OFF;1:CANCEL;2:RETURN;3:ND,Value table for WGHCNTST,enum,OFF|CANCEL|RETURN
STAGE,0:RESERVED;1:STAGE_0;2:STAGE_1;3:STAGE_2;4:STAGE_3;5:STAGE_4;6:STAGE_5;7:STAGE_6;8:STAGE_7;9:STAGE_8;10:STAGE_9;11:STAGE_10;12:STAGE_11;13:LAST_STAGE_CONFIRM;14:SUCCESS;15:ERR,Value table for STAGE,enum,STAGE_0|STAGE_1|STAGE_2|STAGE_3|STAGE_4|STAGE_5|STAGE_6|STAGE_7|STAGE_8|STAGE_9|STAGE_10|STAGE_11|LAST_STAGE_CONFIRM|SUCCESS
STEP,0:READY;1:STEP0;2:STEP1;3:STEP2;4:STEP3;5:STEP4;6:STEP5;7:STEP6;8:STEP7;9:STEP8;10:STEP9;11:STEP10;12:STEP11;13:STEP12;14:STEP13;15:STEP14,Value table for STEP,enum,READY|STEP0|STEP1|STEP2|STEP3|STEP4|STEP5|STEP6|STEP7|STEP8|STEP9|STEP10|STEP11|STEP12|STEP13|STEP14
GRADEOFFSETSW,0:NO_BUTTON_PRESSED;1:INCREMENT_BUTTON_PRESSED;2:DECREMENT_BUTTON_PRESSED;14:ERR;15:NA,Value table for GRADEOFFSETSW,enum,NO_BUTTON_PRESSED|INCREMENT_BUTTON_PRESSED|DECREMENT_BUTTON_PRESSED
BLADEAUTOMD,0:AUTO_ALLOWED;2:SUSPEND_AUTO;3:SERVICE_MODE;4:AUTO_NOT_ALLOWED;14:ERR;15:NA,Value table for BLADEAUTOMD,enum,AUTO_ALLOWED|SUSPEND_AUTO|SERVICE_MODE|AUTO_NOT_ALLOWED
TMSSTINFO01,0:SECURITY_CLEAR;1:SECURITY,Value table for TMSSTINFO01,enum,SECURITY_CLEAR|SECURITY
VWMD,0:TOP;1:REAR;2:RIGHT;3:TOPPLUSREAR;4:3D;5:BOOM;15:NA,Value table for VWMD,enum,TOP|REAR|RIGHT|TOPPLUSREAR|3D|BOOM
PRIMD,0:NORMAL_MODE;1:PRIORITY_MODE,Value table for PRIMD,enum,NORMAL_MODE|PRIORITY_MODE
FACTORYTYPE,0:FACTORY_1;1:FACTORY_2;2:FACTORY_3;3:FACTORY_4,Value table for FACTORYTYPE,enum,FACTORY_1|FACTORY_2|FACTORY_3|FACTORY_4
VHCTYPE1,0:WHEEL;1:CRAWLER,Value table for VHCTYPE1,enum,WHEEL|CRAWLER
VHCTYPE2,0:LC;1:LCR;2:LL;3:ND,Value table for VHCTYPE2,enum,LC|LCR|LL
ULTSRECOGNITIONDISTANCESET,0:ALL;1:UPPER_BODY,Value table for ULTSRECOGNITIONDISTANCESET,enum,ALL|UPPER_BODY
BOOMCAMOPT,0:BOOM_CAMERA_DISABLED;1:BOOM_CAMERA_ENABLED,Value table for BOOMCAMOPT,enum,BOOM_CAMERA_DISABLED|BOOM_CAMERA_ENABLED
ONOFFST,0:ON;1:OFF,Value table for ONOFFST,enum,ON|OFF
OPT,0:OPTION_DISABLED;1:OPTION_EABLED,Value table for OPT,enum,OPTION_DISABLED|OPTION_EABLED
DISENABLE,0:DISABLE;1:ENABLE,Value table for DISENABLE,enum,DISABLE|ENABLE
TOLERANCECORCMD,0:BEFORE_TOLERANCE_CORRECTION;1:TOLERANCE_CORRECTING;2:TOLERANCE_CORRECTION_COMPLETED;3:TOLERANCE_CORRECTION_FAIL,Value table for TOLERANCECORCMD,enum,BEFORE_TOLERANCE_CORRECTION|TOLERANCE_CORRECTING|TOLERANCE_CORRECTION_COMPLETED|TOLERANCE_CORRECTION_FAIL
TOLERANCECORMENUENTRYCMD,0:NO_TOLERANCE_CORRECTION_MENU;1:ENTER_TOLERANCE_CORRECTION,Value table for TOLERANCECORMENUENTRYCMD,enum,NO_TOLERANCE_CORRECTION_MENU|ENTER_TOLERANCE_CORRECTION
CAMPRMTCORCOMPLETEST,0:NOT_CORRECTED;1:CORRECTION_COMPLETED,Value table for CAMPRMTCORCOMPLETEST,enum,NOT_CORRECTED|CORRECTION_COMPLETED
PWRMDST,0:STANDARD_MODE;1:ECONOMY_MODE;2:POWER_PLUS_MODE;3:POWER_MODE,Value table for PWRMDST,enum,STANDARD_MODE|ECONOMY_MODE|POWER_PLUS_MODE|POWER_MODE
WRKMDST,0:DIG;1:LIFT;2:BREAKER;3:TRVMODECR,Value table for WRKMDST,enum,DIG|LIFT|BREAKER|TRVMODECR
LOCKST,0:UNLOCK;1:LOCK,Value table for LOCKST,enum,UNLOCK|LOCK
TRACTIONMDST,0:MAX;1:A_3;2:B_2;3:C_1;4:AUTO,Value table for TRACTIONMDST,enum,MAX|A_3|B_2|C_1|AUTO
KEYPADPRI,0:KEYPAD;1:VIRTUAL_KEPAD,Value table for KEYPADPRI,enum,KEYPAD|VIRTUAL_KEPAD
EVMDCMD,0:NORMAL_MODE;1:EV_MODE;2:NA;3:NA1,Value table for EVMDCMD,enum,NORMAL_MODE|EV_MODE|NA1
ATTTYPE,0:BREAKER;1:TWO_WAY,Value table for ATTTYPE,enum,BREAKER|TWO_WAY
ALARMST,0:ALARM_OFF;1:ALARM_1;2:ALARM_2;3:ALARM_3;4:ALARM_4;5:ALARM_5,Value table for ALARMST,enum,ALARM_OFF|ALARM_1|ALARM_2|ALARM_3|ALARM_4|ALARM_5
MGSOUNDGUDSTEP,0:ALARM_OFF;1:ALARM_1;2:ALARM_2;3:ALARM_3;4:ALARM_4;5:ALARM_5;6:ALARM_6;7:ALARM_7;8:ALARM_8;9:ALARM_9,Value table for MGSOUNDGUDSTEP,enum,ALARM_OFF|ALARM_1|ALARM_2|ALARM_3|ALARM_4|ALARM_5|ALARM_6|ALARM_7|ALARM_8|ALARM_9
OPTSETJOYPATTERNCHANGE,0:ISO_FOR_CTL_EXC;1:BHL_FOR_CTL_BACKHOE;2:MHI;3:KOBE;4:SCM;5:CTL_ISO;6:CTL_H,Value table for OPTSETJOYPATTERNCHANGE,enum,ISO_FOR_CTL_EXC|BHL_FOR_CTL_BACKHOE|MHI|KOBE|SCM|CTL_ISO|CTL_H
REQCALLINDEX,0:NONE;1:1ST_INDEX;2:2ND_INDEX;3:3RD_INDEX;4:4TH_INDEX;5:5TH_INDEX;6:6TH_INDEX;7:7TH_INDEX;8:8TH_INDEX;9:9TH_INDEX;10:10TH_INDEX,Value table for REQCALLINDEX,enum,1ST_INDEX|2ND_INDEX|3RD_INDEX|4TH_INDEX|5TH_INDEX|6TH_INDEX|7TH_INDEX|8TH_INDEX|9TH_INDEX|10TH_INDEX
DT02GPTYPE,0:S_T_7INCH_GP;1:S_T_8INCH_GP,Value table for DT02GPTYPE,enum,S_T_7INCH_GP|S_T_8INCH_GP
GSPNIDENTIFIER,0:SPN;1:GSPN,Value table for GSPNIDENTIFIER,enum,SPN|GSPN
PDLCALB,0:CALIBRATION_READY_CMD;1:MAX_RELEASE_CAL_CMD;2:MAX_PUSHED_CAL_CMD,Value table for PDLCALB,enum,CALIBRATION_READY_CMD|MAX_RELEASE_CAL_CMD|MAX_PUSHED_CAL_CMD
JOYSTICK,0:SMOOTH;1:NORMAL;2:FAST;3:ND,Value table for JOYSTICK,enum,SMOOTH|NORMAL|FAST
NOINREQ,0:START;1:COMPLETE,Value table for NOINREQ,enum,START|COMPLETE
DOORLCKST,0:NONE;1:LOCK;2:UNLOCK;3:NA,Value table for DOORLCKST,enum,LOCK|UNLOCK
NONEONOFF,0:NONE;1:ON;2:OFF;3:FAILED,Value table for NONEONOFF,enum,ON|OFF|FAILED
FOBRGSTFDBK,0:NONE;1:NOT_DETECTION;2:DETECTION_COMPLETED;3:NA,Value table for FOBRGSTFDBK,enum,NOT_DETECTION|DETECTION_COMPLETED
BLINKING,0:OFF;1:ON_NO_BLINKING;2:ON_NORMAL_BLINKING;3:ON_SLOW_BLINKING,Value table for BLINKING,enum,OFF|ON_NO_BLINKING|ON_NORMAL_BLINKING|ON_SLOW_BLINKING
KEYSTCHANGE,0:KEY_OFF;1:ACC;2:KEY_ON;3:CRANK_RUN,Value table for KEYSTCHANGE,enum,KEY_OFF|ACC|KEY_ON|CRANK_RUN
DETECT,0:NO_DETECT;1:DETECT,Value table for DETECT,enum,NO_DETECT|DETECT
OPENCLOSE,0:OPEN;1:CLOSE,Value table for OPENCLOSE,enum,OPEN|CLOSE
RMRUNNINGST,0:NORMAL_STATUS;1:REMOTE_RUNNING_STATUS,Value table for RMRUNNINGST,enum,NORMAL_STATUS|REMOTE_RUNNING_STATUS
ACTIVATION,0:NO_ACTIVATION;1:ACTIVATION,Value table for ACTIVATION,enum,NO_ACTIVATION|ACTIVATION
ACTIVE,0:INACTIVE;1:ACTIVE;2:RESERVED;3:NA,Value table for ACTIVE,boolean,INACTIVE|ACTIVE
DRTINDICATION,0:FORWARD;1:REVERSE;2:ERR;3:NA,Value table for DRTINDICATION,enum,FORWARD|REVERSE
IFCONFIGUREDASPRPTA,0:ALWAYS,Value table for IFCONFIGUREDASPRPTA,enum,ALWAYS
STRMDREQ,0:NOT_OPERATING;1:OPERATING,Value table for STRMDREQ,enum,NOT_OPERATING|OPERATING
AUXSTRDEVICELCKOUT,0:AUX_STEERING_ALLOWED;1:AUX_STEERING_PROHIBITED;2:RESERVED;3:NA,Value table for AUXSTRDEVICELCKOUT,enum,AUX_STEERING_ALLOWED|AUX_STEERING_PROHIBITED
AUTOGUDRECVSELANDLCKOUT,0:NO_GPS_RECEV_SEL_GPS_STR_PROH;1:GPS_STEERING_SELECTED;2:GPS_2_STEERING_SELECTED;3:RESERVED,Value table for AUTOGUDRECVSELANDLCKOUT,enum,NO_GPS_RECEV_SEL_GPS_STR_PROH|GPS_STEERING_SELECTED|GPS_2_STEERING_SELECTED
TRVLSPDSET,0:PRESET_1;1:PRESET_2;2:PRESET_3;3:PRESET_4,Value table for TRVLSPDSET,enum,PRESET_1|PRESET_2|PRESET_3|PRESET_4
SPD,0:SPEED_0;1:SPEED_0.5;2:SPEED_1;3:SPEED_1.5;4:SPEED_2;5:SPEED_2.5;6:SPEED_3;7:SPEED_3.5;8:SPEED_4;9:SPEED_4.5;10:SPEED_5,Value table for SPD,enum,SPEED_0|SPEED_0.5|SPEED_1|SPEED_1.5|SPEED_2|SPEED_2.5|SPEED_3|SPEED_3.5|SPEED_4|SPEED_4.5|SPEED_5
MNAUTOMDST,0:MANUAL;1:NA;2:AUTO;3:RESERVED,Value table for MNAUTOMDST,enum,MANUAL|AUTO
MDST,0:DISABLE;1:NA;2:ENAEBLE;3:RESERVED,Value table for MDST,enum,DISABLE|ENAEBLE
OUTTAKEINTAKEMDST,0:OUTTAKE_MODE;1:NA;2:INTAKE_MODE;3:RESERVED,Value table for OUTTAKEINTAKEMDST,enum,OUTTAKE_MODE|INTAKE_MODE
VHCSTSYBACOFFIND,0:OFF;1:ON_NO_BLINKING;2:BLINK_NORMAL_BLINK;3:BLINK_SLOW_BLINK,Value table for VHCSTSYBACOFFIND,enum,OFF|ON_NO_BLINKING|BLINK_NORMAL_BLINK|BLINK_SLOW_BLINK
OUTFDBKCUR,254:ERR;255:NA,Value table for OUTFDBKCUR,enum,
ERRORFLAG,0:NONE;255:ERR,Value table for ERRORFLAG,enum,
NOROPENSHORT,0:NORMAL;1:OPEN;2:SHORT,Value table for NOROPENSHORT,enum,NORMAL|OPEN|SHORT
RESOLUTIONMD,0:STANDARD_RESOLUTION;1:HIGH_RESOLUTION;2:RESERVED;3:DONT_CARE,Value table for RESOLUTIONMD,enum,STANDARD_RESOLUTION|HIGH_RESOLUTION|DONT_CARE
VVST,0:BLOCK;1:EXTEND;2:RETRACT;3:FLOAT;15:NA,Value table for VVST,enum,BLOCK|EXTEND|RETRACT|FLOAT
FAILSAFEMD,0:BLOCK;1:EXTEND;2:RESERVED;3:DONT_CARE,Value table for FAILSAFEMD,enum,BLOCK|EXTEND|DONT_CARE
AVMLANGUAGEPACK,0:NOTUSED;1:KOREAN_DEFAULT;2:ENGLISH;3:CHINESE_PRC;4:FRENCH_FRANCE;5:GERMAN_GERMANY;6:DUTCH_NETHERLANDS;7:ITALIAN_ITALY;8:PORTUGUESE_PORTUGAL;9:SPANISH_INTERNATIONAL;10:FINNISH;11:SWEDISH;12:NORWEGIAN_BOKMAL;13:DANISH;14:JAPANESE;15:TURKISH;16:INDONESIAN;17:POLISH;18:RUSSIAN;19:ARABIC_SAUDI_ARABIA;20:FARSI_PERSIAN;21:HINDI;22:THAI;23:GREEK;24:VIETNAMESE,Value table for AVMLANGUAGEPACK,enum,NOTUSED|KOREAN_DEFAULT|ENGLISH|CHINESE_PRC|FRENCH_FRANCE|GERMAN_GERMANY|DUTCH_NETHERLANDS|ITALIAN_ITALY|PORTUGUESE_PORTUGAL|SPANISH_INTERNATIONAL|FINNISH|SWEDISH|NORWEGIAN_BOKMAL|DANISH|JAPANESE|TURKISH|INDONESIAN|POLISH|RUSSIAN|ARABIC_SAUDI_ARABIA|FARSI_PERSIAN|HINDI|THAI|GREEK|VIETNAMESE
AVMVW,0:TOPVIEW;1:REAR_WIDE;2:TOP_PLUS_RIGHT;3:REAR_PLUS_CORNER;4:3D;5:BOOM_OPTION;15:NA,Value table for AVMVW,enum,TOPVIEW|REAR_WIDE|TOP_PLUS_RIGHT|REAR_PLUS_CORNER|3D|BOOM_OPTION
AVMOUTTYPE,0:NOT_USED;1:AVM_OUTPUT_TYPE_NTSC;2:AVM_OUTPUT_TYPE_LVDS;6:ERR;7:INVALID,Value table for AVMOUTTYPE,enum,NOT_USED|AVM_OUTPUT_TYPE_NTSC|AVM_OUTPUT_TYPE_LVDS|INVALID
AVMDISPLAYMSG,0:NOT_USED;1:NO_MESSAGE;2:INCAMERACALIBARION_MODE;62:WARNING_CHECK_FRONT_RIGHT_LEFT;63:WARNING_CHECK_BACK_RIGHT_LEFT;254:ERR;255:INVALID,Value table for AVMDISPLAYMSG,enum,NOT_USED|NO_MESSAGE|INCAMERACALIBARION_MODE|WARNING_CHECK_FRONT_RIGHT_LEFT|WARNING_CHECK_BACK_RIGHT_LEFT|INVALID
AVMTONSIZE,0:NOT_USED;1:5T_CRAWLER;2:5T_WHEEL;3:14T_WHEEL;4:21T_WHEEL;5:30T_CRAWLER;14:ERR;15:INVALID,Value table for AVMTONSIZE,enum,NOT_USED|5T_CRAWLER|5T_WHEEL|14T_WHEEL|21T_WHEEL|30T_CRAWLER|INVALID
AVMULTRABZ,0:ULTRASONIC_ALL_OFF;1:LEFT_ACTIVATION;2:RIGHR_ACTIVATION;3:REAR_ACTIVATION;4:LEFT_REAR_ACTIVATION;5:LEFT_RIGHT_ACTIVATION;6:RIGHT_REAR_ACTIVATION;7:LEFT_RIGHT_REAR_ACTIVATION;14:ERR;15:INVALID,Value table for AVMULTRABZ,enum,ULTRASONIC_ALL_OFF|LEFT_ACTIVATION|RIGHR_ACTIVATION|REAR_ACTIVATION|LEFT_REAR_ACTIVATION|LEFT_RIGHT_ACTIVATION|RIGHT_REAR_ACTIVATION|LEFT_RIGHT_REAR_ACTIVATION|INVALID
AVMST,0:NOT_USED;1:AVM_NOT_READY_IGN_OFF;2:AVM_NORMAL_IGN_ON;3:AVM_FAIL;30:ERR;31:INVALID,Value table for AVMST,enum,NOT_USED|AVM_NOT_READY_IGN_OFF|AVM_NORMAL_IGN_ON|AVM_FAIL|INVALID
AVMWARNGUD,0:NOT_USED;1:AVM_WARNING_GUIDE_LINE_OFF;2:AVM_WARNING_GUIDE_LINE_ON;6:ERR;7:INVALID,Value table for AVMWARNGUD,enum,NOT_USED|AVM_WARNING_GUIDE_LINE_OFF|AVM_WARNING_GUIDE_LINE_ON|INVALID
ULTSSIG,0:OFF;1:LEVEL_1;2:LEVEL_2;3:LEVEL_3;4:FAULT;5:NOISE_ERR;14:ERR;15:INVALID,Value table for ULTSSIG,enum,OFF|LEVEL_1|LEVEL_2|LEVEL_3|FAULT|NOISE_ERR|INVALID
WORKING,0:NOT_WORKING;1:WORKING,Value table for WORKING,enum,NOT_WORKING|WORKING
HTPADST,0:OFF;1:ON_BOARD_CHARGER,Value table for HTPADST,enum,OFF|ON_BOARD_CHARGER
CHGST,0:STANDBY;1:CHARGING;2:FAILURE;3:COMPLETE;4:PAUSE;5:RESERVED;6:CHARGER_ERR;7:NA,Value table for CHGST,enum,STANDBY|CHARGING|FAILURE|COMPLETE|PAUSE|CHARGER_ERR
BMSCHGSOURCETYPE,0:NONE;1:ON_BOARD_CHARGER;2:QUICK_CHARGER;3:NA,Value table for BMSCHGSOURCETYPE,enum,ON_BOARD_CHARGER|QUICK_CHARGER
SCRTYCMD,0:NORMAL;1:RPM_LIMIT;2:ENGINE_LOCK;3:NA,Value table for SCRTYCMD,enum,NORMAL|RPM_LIMIT|ENGINE_LOCK
GPSANTST,0:NORMAL;1:REMOVED;2:SHORTEN;3:NA,Value table for GPSANTST,enum,NORMAL|REMOVED|SHORTEN
KEYTYPE,0:NONE;1:FOB;2:DIGITAL_KEY;3:KEYLESS;4:REMOTE,Value table for KEYTYPE,enum,FOB|DIGITAL_KEY|KEYLESS|REMOTE
TYPE,0:2G;1:3G;2:4G;3:5G;7:NA,Value table for TYPE,enum,2G|3G|4G|5G
OFFWARN,0:OFF;1:WARNING_LEVEL1;2:WARNING_LEVEL2,Value table for OFFWARN,enum,OFF|WARNING_LEVEL1|WARNING_LEVEL2
FOBCERT,0:NONE;1:SUCCESS;2:FAIL;3:LOCK,Value table for FOBCERT,enum,SUCCESS|FAIL|LOCK
FOBDTTREQ,0:DEFAULT;1:NA;2:NA1;3:REQUEST,Value table for FOBDTTREQ,enum,DEFAULT|NA1|REQUEST
FOBIDREQ,0:NR;1:REQ_TO_SEND_REGISTERED_FOB_ID;2:NR1;3:NR2,Value table for FOBIDREQ,enum,REQ_TO_SEND_REGISTERED_FOB_ID|NR1|NR2
DOORLCKSTCHANGE,0:NONE;1:CLOSE;2:OPEN;3:NA,Value table for DOORLCKSTCHANGE,enum,CLOSE|OPEN
NONEONOFFFAIL,0:NONE;1:HVAC_ON;2:HVAC_OFF;3:FAIL,Value table for NONEONOFFFAIL,enum,HVAC_ON|HVAC_OFF|FAIL
ONOFFFAIL,0:NONE;1:ON;2:OFF;3:FAIL,Value table for ONOFFFAIL,enum,ON|OFF|FAIL
RLSFAIL,0:NONE;1:RELEASE;2:RELEASE_OFF;3:FAIL,Value table for RLSFAIL,enum,RELEASE|RELEASE_OFF|FAIL
HORN5S,0:NO_ACTION;1:HORN_ON;2:NO_ACTION1;3:FAIL,Value table for HORN5S,enum,NO_ACTION|HORN_ON|NO_ACTION1|FAIL
EGSTARTHOLDINGTM,0:5MIN_DEFAULT;1:10MIN;2:15MIN;3:20MIN;4:25MIN;5:30MIN;6:NA;7:NONE,Value table for EGSTARTHOLDINGTM,enum,5MIN_DEFAULT|10MIN|15MIN|20MIN|25MIN|30MIN
RMRUNST,0:NORMAL_STATUS;1:REMOTE_START,Value table for RMRUNST,enum,NORMAL_STATUS|REMOTE_START
ACKNACK,0:NOT_ACTIVE;1:ACK;2:NACK,Value table for ACKNACK,enum,NOT_ACTIVE|ACK|NACK
RESULTOFCRANK,0:NONE_TRY;1:SUCCESS;2:OPEN_MTDOOR;3:OPEN_CABDOOR;4:NO_PARK;5:NO_NEUTRAL;6:NO_CUTOFF;7:UNKNOWN_FAIL,Value table for RESULTOFCRANK,enum,NONE_TRY|SUCCESS|OPEN_MTDOOR|OPEN_CABDOOR|NO_PARK|NO_NEUTRAL|NO_CUTOFF|UNKNOWN_FAIL
POSNEGA,0:POSITIVE;1:NEGATIVE,Value table for POSNEGA,enum,POSITIVE|NEGATIVE
INVLT,14:ERR;15:NA,Value table for INVLT,enum,
BZZCTRLCMD,0:BUZZER_OFF;1:BUZZER_ON_STATE1;2:BUZZER_ON_STATE2;3:BUZZER_ON_STATE3,Value table for BZZCTRLCMD,enum,BUZZER_OFF|BUZZER_ON_STATE1|BUZZER_ON_STATE2|BUZZER_ON_STATE3
VHCSTTRACTIONLV,0:A_3;1:B_2;2:C_1;3:ND,Value table for VHCSTTRACTIONLV,enum,A_3|B_2|C_1
QCKCOOLST,0:BEFORE_PROCEEDING;1:PROCEEDING;2:NOT_POSSIBLE_TO_PROCEED,Value table for QCKCOOLST,enum,BEFORE_PROCEEDING|PROCEEDING|NOT_POSSIBLE_TO_PROCEED
WGHCONFIRMWARNMSG,0:OFF;1:SWING_SPEED_TOO_FAST;2:BOOM_TOO_HIGH;3:BOOM_TOO_LOW;4:ARM_TOO_NEAR;5:ARM_TOO_FAR;6:POOR_LIFT,Value table for WGHCONFIRMWARNMSG,enum,OFF|SWING_SPEED_TOO_FAST|BOOM_TOO_HIGH|BOOM_TOO_LOW|ARM_TOO_NEAR|ARM_TOO_FAR|POOR_LIFT
WHLTYPESTRMD,0:OFF;1:2WHEEL_MODE;2:4WHEEL_MODE_ROUND;3:4WHEEL_MODE_CRAB,Value table for WHLTYPESTRMD,enum,OFF|2WHEEL_MODE|4WHEEL_MODE_ROUND|4WHEEL_MODE_CRAB
CURMAXSPDMINOR,0:STEP_0;1:STEP_1,Value table for CURMAXSPDMINOR,enum,STEP_0|STEP_1
FNRNTRL,0:OFF;1:COMBI_SWITCH_NOT_NEUTRAL;2:JOYSTICK_NOT_NEUTRAL;3:BOTH_NOT_NEUTRAL,Value table for FNRNTRL,enum,OFF|COMBI_SWITCH_NOT_NEUTRAL|JOYSTICK_NOT_NEUTRAL|BOTH_NOT_NEUTRAL
WRKTRV,0:OFF;1:GREY;2:GREEN;3:ND,Value table for WRKTRV,enum,OFF|GREY|GREEN
OFFONGY,0:OFF;1:ON;2:CONDITION_GREEN;3:CONDITION_YELLOW,Value table for OFFONGY,enum,OFF|ON|CONDITION_GREEN|CONDITION_YELLOW
TRLHHFLOWMD,0:STANDARD_BLUE;1:XPS_ORANGE;2:XHP_XE_RED,Value table for TRLHHFLOWMD,enum,STANDARD_BLUE|XPS_ORANGE|XHP_XE_RED
STATE7,0:OFF;1:STATE_1;2:STATE_2;3:STATE_3;4:STATE_4;5:STATE_5;6:STATE_6;7:STATE_7,Value table for STATE7,enum,OFF|STATE_1|STATE_2|STATE_3|STATE_4|STATE_5|STATE_6|STATE_7
STATE3,0:OFF;1:STATE_1;2:STATE_2;3:STATE_3,Value table for STATE3,enum,OFF|STATE_1|STATE_2|STATE_3
HPAPMD,0:OFF;1:HP;2:AP;3:NA,Value table for HPAPMD,enum,OFF|HP|AP
RMCRAKINGST,0:NONE;1:SUCCESS;2:FAIL_BY_PARKING_SWITCH;3:FAIL_BY_NEUTRAL_SWITCH;4:FAIL_BY_PILOT_CUT_OFF_SWITCH;5:FAIL_BY_ANOTHER_REASON,Value table for RMCRAKINGST,enum,SUCCESS|FAIL_BY_PARKING_SWITCH|FAIL_BY_NEUTRAL_SWITCH|FAIL_BY_PILOT_CUT_OFF_SWITCH|FAIL_BY_ANOTHER_REASON
TRVL,0:NOT_TRAVELING;1:TRAVELING;2:RESERVED;3:NA,Value table for TRVL,enum,NOT_TRAVELING|TRAVELING
WARNPOPMGMCSSERR,0:NONE;1:SS_ERR_BODY_BOOM_ARM_BCK_SWG;2:SENSOR_ERR_TILT;3:SENSOR_ERR_PILOT_CUTOFF;4:MACHINE_ERR;5:XCU_COMMUNICATION_ERR;6:TILT_ROTATOR_ERR,Value table for WARNPOPMGMCSSERR,enum,SS_ERR_BODY_BOOM_ARM_BCK_SWG|SENSOR_ERR_TILT|SENSOR_ERR_PILOT_CUTOFF|MACHINE_ERR|XCU_COMMUNICATION_ERR|TILT_ROTATOR_ERR
WARNPOPLIMITANGEXCESS,0:NONE;1:TILTING_IS_NOT_POSSIBLE,Value table for WARNPOPLIMITANGEXCESS,enum,TILTING_IS_NOT_POSSIBLE
NONECHECK,0:NONE;1:CHECK,Value table for NONECHECK,enum,CHECK
OPTSETMCHNAMEINIT,0:INITIAL_STAGE;1:SET,Value table for OPTSETMCHNAMEINIT,enum,INITIAL_STAGE|SET
MCHGENR,128:DL;129:H;130:K;131:S;132:SD;133:G,Value table for MCHGENR,enum,DL|H|K|S|SD|G
MAXGRLMT,0:3RD_GEAR_LIMIT_4TH_TRANSMISSION;1:3RD_GEAR_LIMIT_5TH_TRANSMISSION;2:4TH_GEAR;3:5TH_GEAR_LOCK_UP;4:CVT,Value table for MAXGRLMT,enum,3RD_GEAR_LIMIT_4TH_TRANSMISSION|3RD_GEAR_LIMIT_5TH_TRANSMISSION|4TH_GEAR|5TH_GEAR_LOCK_UP|CVT
REQCD,0:COMPARE_VHC_TYPE_ID;3:BLOCK_HANDLER;4:LOG_LOADER;10:REPROGRAMMED_VHC_TYPE_ID,Value table for REQCD,enum,COMPARE_VHC_TYPE_ID|BLOCK_HANDLER|LOG_LOADER|REPROGRAMMED_VHC_TYPE_ID
RESULTCD,0:VHC_TYPE_ID_IDENTICAL;1:VHC_TYPE_ID_DIFFERENT;10:REQUEST_ID_REPROGRAMMED;11:REQUEST_ID_NA;20:TCI_ID_MESSAGE_REQUIRED,Value table for RESULTCD,enum,VHC_TYPE_ID_IDENTICAL|VHC_TYPE_ID_DIFFERENT|REQUEST_ID_REPROGRAMMED|REQUEST_ID_NA|TCI_ID_MESSAGE_REQUIRED
ECOGUDCTRL,1:RECOM_USE_OF_THE_LIS_FEATURE;2:RECOM_USE_1_4_AUTO;4:PREVENTION_OF_IDLE_STATE;8:RECOM_USE_OF_LOCK_UP;16:RECOM_LOWERING_THE_ENGINE_MODE;32:RECOM_USE_OF_THE_ICCO_FEATURE,Value table for ECOGUDCTRL,enum,RECOM_USE_OF_THE_LIS_FEATURE|RECOM_USE_1_4_AUTO|PREVENTION_OF_IDLE_STATE|RECOM_USE_OF_LOCK_UP|RECOM_LOWERING_THE_ENGINE_MODE|RECOM_USE_OF_THE_ICCO_FEATURE
AUTOST,0:INITIALIZED;1:DISARMED;2:ARM_REQUESTED;3:DEACTIVATION;4:ACTIVATION,Value table for AUTOST,enum,INITIALIZED|DISARMED|ARM_REQUESTED|DEACTIVATION|ACTIVATION
INTERLCKST,0:NO_LOCKOUT;1:TIMEOUT;2:MACHINE_SAFETY,Value table for INTERLCKST,enum,NO_LOCKOUT|TIMEOUT|MACHINE_SAFETY
FUNCFAULT,0:NO_FAULT;1:COMMUNICATION_TIMEOUT;2:RESERVED;4:MACHINE_FAULT,Value table for FUNCFAULT,enum,NO_FAULT|COMMUNICATION_TIMEOUT|MACHINE_FAULT
OUTTAKEINTAKEMDSEL,0:OUTTAKE_MODE;1:INTAKE_MODE;2:NA;3:RESERVED,Value table for OUTTAKEINTAKEMDSEL,enum,OUTTAKE_MODE|INTAKE_MODE
OFFER,0:OFF;255:ERR,Value table for OFFER,enum,OFF
OFFONACTIVE,0:OFF;1:ON;2:ACTIVE;3:RESERVED,Value table for OFFONACTIVE,enum,OFF|ON|ACTIVE
READY,0:NOT_READY;1:READY,Value table for READY,enum,NOT_READY|READY
ARMREACHIND,0:NEAR;1:MID;2:FAR;3:RESERVED,Value table for ARMREACHIND,enum,NEAR|MID|FAR
REACH,0:NOT_REACH;1:REACH,Value table for REACH,enum,NOT_REACH|REACH
DISARMNOR,0:DISARMED;1:NORMAL;2:SERVICE;3:ND,Value table for DISARMNOR,enum,DISARMED|NORMAL|SERVICE
INTERLOCKREQ,0:NO_LOCKOUT_PRESENT_AUTO_ALLOWED;1:TIME_OUT;2:MACHINE_SAFETY,Value table for INTERLOCKREQ,enum,NO_LOCKOUT_PRESENT_AUTO_ALLOWED|TIME_OUT|MACHINE_SAFETY
ACCEPT,0:NOT_ACCEPTED;1:ACCEPTED,Value table for ACCEPT,enum,NOT_ACCEPTED|ACCEPTED
SELMDHEARTBEAT,0:INITIALIZED;1:DISARMED;2:ARM_REQUESTED;3:DEACTIVATION;4:ACTIVATED,Value table for SELMDHEARTBEAT,enum,INITIALIZED|DISARMED|ARM_REQUESTED|DEACTIVATION|ACTIVATED
AMBLMPCOLORMD,0:USER_SETTING_COLOR;1:POWER_MODE_COLOR,Value table for AMBLMPCOLORMD,enum,USER_SETTING_COLOR|POWER_MODE_COLOR
PWRMDSEL,0:POWERPLUS;1:POWER;2:STANDARD;3:ECO,Value table for PWRMDSEL,enum,POWERPLUS|POWER|STANDARD|ECO
WRKMDSEL,0:DIG;1:LIFT;2:1WAY;3:2WAY,Value table for WRKMDSEL,enum,DIG|LIFT|1WAY|2WAY
DIALSTEP,0:STEP_1;1:STEP_2;2:STEP_3;3:STEP_4;4:STEP_5;5:STEP_6;6:STEP_7;7:STEP_8;8:STEP_9;9:STEP_10;10:STEP_11;11:STEP_12;12:STEP_13,Value table for DIALSTEP,enum,STEP_1|STEP_2|STEP_3|STEP_4|STEP_5|STEP_6|STEP_7|STEP_8|STEP_9|STEP_10|STEP_11|STEP_12|STEP_13
OBJINZONE,0:NO_OBJECT_IN_ZONE;1:LEVEL_C;2:LEVEL_B;3:LEVEL_A;7:NA,Value table for OBJINZONE,enum,NO_OBJECT_IN_ZONE|LEVEL_C|LEVEL_B|LEVEL_A
CONNECTED,0:NONE;1:NETWORK_CONNECTED;2:CLOUD_CONNECTED;3:NA,Value table for CONNECTED,enum,NETWORK_CONNECTED|CLOUD_CONNECTED
PROVISIONED,0:NONE;1:NETWORK_PROVISIONED;2:THING_PROVISIONED,Value table for PROVISIONED,enum,NETWORK_PROVISIONED|THING_PROVISIONED
ACTIVENW,0:NONE;1:CELL;2:WIFI;3:ERR,Value table for ACTIVENW,enum,CELL|WIFI
CELLANTTYPE,0:NONE;1:INTERNAL;2:EXTERNAL;3:NA,Value table for CELLANTTYPE,enum,INTERNAL|EXTERNAL
GSMTYPE,0:GPRS;1:EDGE;3:UMTS;4:HSDPA;5:HSUPA;6:HSDPA_HSUPA;7:1XRTT;8:1XEVDO;9:1XEVDO_REVA;10:1XEVDO_REVB;11:1XEVDV;12:3XRTT;13:UMB;14:LTE;15:5G_NSA;16:5G_SA,Value table for GSMTYPE,enum,GPRS|EDGE|UMTS|HSDPA|HSUPA|HSDPA_HSUPA|1XRTT|1XEVDO|1XEVDO_REVA|1XEVDO_REVB|1XEVDV|3XRTT|UMB|LTE|5G_NSA|5G_SA
ANTST,0:NORMAL;1:ERR1;2:ERR2;3:NA,Value table for ANTST,enum,NORMAL|ERR1|ERR2
NONEACTIVE,0:NONE;1:ACTIVE;2:INACTIVE,Value table for NONEACTIVE,enum,ACTIVE|INACTIVE
VHCST,0:BATTERY_DISCONNECT;1:KEY_OFF;2:KEY_ON;3:ACC_ON;4:ENGINE_ON;5:ERR,Value table for VHCST,enum,BATTERY_DISCONNECT|KEY_OFF|KEY_ON|ACC_ON|ENGINE_ON
STARTUPRSN,0:RTC;1:KEY;2:EMERGENCY;3:LOW_BATTERY;4:CELL;5:ACCELEROMETER;6:REBOOT_REQUEST,Value table for STARTUPRSN,enum,RTC|KEY|EMERGENCY|LOW_BATTERY|CELL|ACCELEROMETER|REBOOT_REQUEST
TMNST,0:INIT;1:RUNNING;2:SLEEP_MACHINE_BATTERY;3:SLEEP_TERMINAL_BATTERY;4:DEEP_SLEEP;5:DEAD_TBAT;6:SHUT_DOWN;7:MODULE_EXIT;8:POWER_OFF;9:TESTING;10:RESTART;11:EXIT,Value table for TMNST,enum,INIT|RUNNING|SLEEP_MACHINE_BATTERY|SLEEP_TERMINAL_BATTERY|DEEP_SLEEP|DEAD_TBAT|SHUT_DOWN|MODULE_EXIT|POWER_OFF|TESTING|RESTART|EXIT
VHCVLT,0:24V;1:12V,Value table for VHCVLT,enum,24V|12V
TASKST,0:OK;1:OFFLINE;2:PACKET_LOSS_FAIL;3:GENERAL_FAILURE,Value table for TASKST,enum,OK|OFFLINE|PACKET_LOSS_FAIL|GENERAL_FAILURE
ERCODE,0:NONE;1:SENSOR_VALUE_OUT_OF_RANGE;2:UNABLE_TO_PARSE_MESSAGE,Value table for ERCODE,enum,SENSOR_VALUE_OUT_OF_RANGE|UNABLE_TO_PARSE_MESSAGE
CMDOPCODE,16:TRANSFER_FILE;17:OPEN_CAN_TUNNEL;18:REBOOT;19:KWP_REQUEST;20:J1939_REQUEST;21:SECURITY_ACTION;22:REMOTE_GAUGE_ON;23:REQUEST_FILE;24:ADD_GEOFENCE;25:ADD_TIMEFENCE;26:SECURITY_CONFIGURATION;27:DELETE_GEOFENCE;28:DELETE_TIMEFENCE;29:REQUEST_REPORT;30:TURN_ON_REMOTE_TRACKING;31:SET_TIMEZONE;32:TURN_OFF_REMOTE_GAUGE;33:TURN_OFF_REMOTE_TRACKING;35:SET_DEFAULT_VEHICLE_TYPE;36:TEST_PORT_COMMAND;37:TEST_PORT_COMMAND_QUICK_RES;38:BULK_FIRMWARE_DOWNLOAD;39:BULK_CONFIGURATION_DOWNLOAD;40:SBDRANGERESPONSE;41:TESTPORTCOMMANDV4;42:ABORTCOMMAND;43:REQUEST_FILE_VERSION_2;47:SET_TIMEZONE_V2;160:REQUEST_CURRENT_ADT_LOG;161:SECURITY_VERIFICATION_COMMAND;163:J1939_REQUEST_V2;164:SMARTKEY_COMMAND;165:SET_DEFAULT_VEHICLE_TYPE_V2;176:TRANSFER_NETWORK_CONFIGURATION;177:REQUEST_FILE_V3,Value table for CMDOPCODE,enum,TRANSFER_FILE|OPEN_CAN_TUNNEL|REBOOT|KWP_REQUEST|J1939_REQUEST|SECURITY_ACTION|REMOTE_GAUGE_ON|REQUEST_FILE|ADD_GEOFENCE|ADD_TIMEFENCE|SECURITY_CONFIGURATION|DELETE_GEOFENCE|DELETE_TIMEFENCE|REQUEST_REPORT|TURN_ON_REMOTE_TRACKING|SET_TIMEZONE|TURN_OFF_REMOTE_GAUGE|TURN_OFF_REMOTE_TRACKING|SET_DEFAULT_VEHICLE_TYPE|TEST_PORT_COMMAND|TEST_PORT_COMMAND_QUICK_RES|BULK_FIRMWARE_DOWNLOAD|BULK_CONFIGURATION_DOWNLOAD|SBDRANGERESPONSE|TESTPORTCOMMANDV4|ABORTCOMMAND|REQUEST_FILE_VERSION_2|SET_TIMEZONE_V2|REQUEST_CURRENT_ADT_LOG|SECURITY_VERIFICATION_COMMAND|J1939_REQUEST_V2|SMARTKEY_COMMAND|SET_DEFAULT_VEHICLE_TYPE_V2|TRANSFER_NETWORK_CONFIGURATION|REQUEST_FILE_V3
ACKRESULT,0:SUCCESS;1:UNKNOWN_FAILURE;2:UNKNOWN_COMMAND;3:ENGINE_OFF;4:ALREADY_OPEN;5:TERMINATED_BY_USER;6:FAILED_TO_DOWNLOAD_FILE;7:FAILED_TO_UPLOAD_FILE;8:PROCESS_INTERRUPTED_BY_A_REBOOT;9:MCP_REQUESTED_EXITED;10:FAILED_TO_OPEN_FILE;11:FAILED_TO_DELETE_FILE;12:FAILED_TO_WRITE_FILE;13:FAILED_BAD_PARAMETER;14:FAILED_ALREADY_ACTIVE;15:FAILED_ALREADY_STOPPED;16:FAILED_SERVICE_NA;17:FAILED_MISSING_DEFINITION;18:FAILED_NOT_SUPPORTED;19:FAILED_AUTHENTICATION;20:FAILED_TO_SEND_PACKET;21:FAILED_FILE_NOT_FOUND;22:INSUFFICIENT_DISK_SPACE;23:FAILED_CURL_TIMEOUT;24:FAILED_DOWNLOAD_SIZE_MISMATCH;25:FAILED_DOWNLOAD_TIMEOUT;26:FAILED_TO_UNZIP;27:FAILED_RESULTS_FILE_MISSING;28:FAILED_DOWNLOAD_RECOVERY;29:MULTIPART_DOWNLOAD_START;30:MULTIPART_DOWNLOAD_OK;31:MULTIPART_DOWNLOAD_FAIL;32:MULTIPART_DOWN_STARTUP_FAILURE;33:MULTIPART_DOWNLOAD_ABORTED;34:FAILED_CURL_RECV_FAILURE;35:BULK_DOWNLOAD_IN_PROCESS;36:FAILED_BULK_DOWNLOAD;37:ABORT_BULK_DOWNLOAD;38:NUM_REQUEST_TYPES,Value table for ACKRESULT,enum,SUCCESS|UNKNOWN_FAILURE|UNKNOWN_COMMAND|ENGINE_OFF|ALREADY_OPEN|TERMINATED_BY_USER|FAILED_TO_DOWNLOAD_FILE|FAILED_TO_UPLOAD_FILE|PROCESS_INTERRUPTED_BY_A_REBOOT|MCP_REQUESTED_EXITED|FAILED_TO_OPEN_FILE|FAILED_TO_DELETE_FILE|FAILED_TO_WRITE_FILE|FAILED_BAD_PARAMETER|FAILED_ALREADY_ACTIVE|FAILED_ALREADY_STOPPED|FAILED_SERVICE_NA|FAILED_MISSING_DEFINITION|FAILED_NOT_SUPPORTED|FAILED_AUTHENTICATION|FAILED_TO_SEND_PACKET|FAILED_FILE_NOT_FOUND|INSUFFICIENT_DISK_SPACE|FAILED_CURL_TIMEOUT|FAILED_DOWNLOAD_SIZE_MISMATCH|FAILED_DOWNLOAD_TIMEOUT|FAILED_TO_UNZIP|FAILED_RESULTS_FILE_MISSING|FAILED_DOWNLOAD_RECOVERY|MULTIPART_DOWNLOAD_START|MULTIPART_DOWNLOAD_OK|MULTIPART_DOWNLOAD_FAIL|MULTIPART_DOWN_STARTUP_FAILURE|MULTIPART_DOWNLOAD_ABORTED|FAILED_CURL_RECV_FAILURE|BULK_DOWNLOAD_IN_PROCESS|FAILED_BULK_DOWNLOAD|ABORT_BULK_DOWNLOAD|NUM_REQUEST_TYPES
SYSOFFON,0:OFF;1:ON,Value table for SYS_OFFON,boolean,OFF|ON
ANTST2,0:NORMAL;1:ERR1;2:ERR2;3:ERR3,Value table for ANTST2,enum,NORMAL|ERR1|ERR2|ERR3
RMCTRLREQ,0:DISARMED;1:NORMAL;2:SERVICE;3:NOT DEFINED,Value table for RMCTRLREQ,enum,DISARMED|NORMAL|SERVICE|NOT DEFINED
RMITLREQ,0:NO_LOCKOUT_PRESENT_AUTO_ALLOWED;1:TIME OUT;2:MACHINE SAFETY;3:NOT DEFINED,Value table for RMITLREQ,enum,NO_LOCKOUT_PRESENT_AUTO_ALLOWED|TIME OUT|MACHINE SAFETY|NOT DEFINED
PWRPLUS,0:POWER+;1:POWER;2:STANDARD;3:ECO,Value table for PWRPLUS,enum,POWER+|POWER|STANDARD|ECO
MCHMAKER,0:HDI;1:HCE,Value table for MCHMAKER,enum,HDI|HCE
GNSSST,0:NORMAL;1:NOT_FIXED;2:RELEASE_ON_GA;3:ERR_EXCEEDED;4:GNSS_COMMUNICATION_ERR,Value table for GNSSST,enum,NORMAL|NOT_FIXED|RELEASE_ON_GA|ERR_EXCEEDED|GNSS_COMMUNICATION_ERR
SWGST,0:STOP;1:SWING;2:ERR;3:NA,Value table for SWGST,enum,STOP|SWING
MNSELFLV,0:OFF;1:MANUAL;2:SELF_LEVELING,Value table for MNSELFLV,enum,OFF|MANUAL|SELF_LEVELING
STATE2,0:OFF;1:STATE1;2:STATE2,Value table for STATE2,enum,OFF|STATE1|STATE2
STARTERFAIL,0:OFF;1:STARTER1_FAIL;2:STARTER2_FAIL,Value table for STARTERFAIL,enum,OFF|STARTER1_FAIL|STARTER2_FAIL
REFRESH,0:OFF;1:REFRESH,Value table for REFRESH,enum,OFF|REFRESH
RMST,0:MANUAL_MODE;1:REMOTE_MODE;2:ND,Value table for RMST,enum,MANUAL_MODE|REMOTE_MODE
RMMETHODST,0:REMOTE_CONTROL_STATION;1:REMOTE_CONTROL_APP;2:REMOTE_CONTROL_CONSOLE;3:ERR,Value table for RMMETHODST,enum,REMOTE_CONTROL_STATION|REMOTE_CONTROL_APP|REMOTE_CONTROL_CONSOLE
OBJSEQ,0:OBJECT1;1:OBJECT2;2:OBJECT3;3:OBJECT4;4:OBJECT5;5:OBJECT6;6:OBJECT7;7:OBJECT8;8:OBJECT9;9:OBJECT10,Value table for OBJSEQ,enum,OBJECT1|OBJECT2|OBJECT3|OBJECT4|OBJECT5|OBJECT6|OBJECT7|OBJECT8|OBJECT9|OBJECT10
OTAIM,0:DOWNLOAD;1:DOWNLOAD_COMPLETE;2:DOWNLOAD_FAILURE;3:INSTALL;4:CONTROLLER_REBOOTING;5:MACHINE_REBOOTING;6:INSTALL_COMPLETE;7:INSTALL_FAILURE_RETRIAL;8:OTA_FAILURE,Value table for OTAIM,enum,DOWNLOAD|DOWNLOAD_COMPLETE|DOWNLOAD_FAILURE|INSTALL|CONTROLLER_REBOOTING|MACHINE_REBOOTING|INSTALL_COMPLETE|INSTALL_FAILURE_RETRIAL|OTA_FAILURE
ECUMAKER2,0:ECU_MAKER_1;1:WEICHAI_6M33;2:BOSCH_DX22,Value table for ECUMAKER2,enum,ECU_MAKER_1|WEICHAI_6M33|BOSCH_DX22
DRVENGAGED,0:DRIVE_LINE_DISENGAGED;1:DRIVE_LINE_ENGAGED;2:ERR;3:NOT AVAILABLE,Value table for DRVENGAGED,enum,DRIVE_LINE_DISENGAGED|DRIVE_LINE_ENGAGED|NOT AVAILABLE
TRQCVT,0:TRQ_CVT_LOCKUP_DISENGAGED;1:TRQ_CVT_LOCKUP_ENGAGED,Value table for TRQCVT,enum,TRQ_CVT_LOCKUP_DISENGAGED|TRQ_CVT_LOCKUP_ENGAGED
PROCESS,0:NOT_IN_PROCESS;1:PROCESS,Value table for PROCESS,enum,NOT_IN_PROCESS|PROCESS
CONFIGMODE,0:OFF;1:ON_ANOMALY;2:ON_PERIODIC,Value table for CONFIGMODE,enum,OFF|ON_ANOMALY|ON_PERIODIC
OILSTATUS,0:NORMAL;1:WARNING;2:ABNORMAL;3:NA,Value table for OILSTATUS,enum,NORMAL|WARNING|ABNORMAL
RGST,0:NORMAL;2:WARNING,Value table for RGST,enum,NORMAL|WARNING
VALID,0:RTC;1:GPS;2:CELL;3:FALSE,Value table for VALID,enum,RTC|GPS|CELL|FALSE
SATTYPE,0:NONE;1:IRIDIUM,Value table for SATTYPE,enum,IRIDIUM
NORERR,0:NORMAL;1:ERR,Value table for NORERR,enum,NORMAL
EVNT,0:ENGINE_ON;1:HALF_HOUR;2:ENGINE_OFF;3:GET_REPORT;4:STATUS_CHANGE,Value table for EVNT,enum,ENGINE_ON|HALF_HOUR|ENGINE_OFF|GET_REPORT|STATUS_CHANGE
JOYPTN,0:ISO;1:BHL;2:MHI;3:KOBE;4:SCM;5:CTL ISO;6:CTL H,Value table for JOYPTN,enum,ISO|BHL|MHI|KOBE|SCM|CTL ISO|CTL H
STICKSTRTYPE,0:JOYSTICK_LEVER;1:THUMBWHEEL_STEERING,Value table for STICKSTRTYPE,enum,JOYSTICK_LEVER|THUMBWHEEL_STEERING
FNR,0:F;1:N;2:R,Value table for FNR,enum,F|N|R
LOGEVNT,0:LOG_DELETED;1:LOG_STARTED;2:LOG_IN_PROGRESS;3:LOG_GENERATED;4:REQUESTED,Value table for LOGEVNT,enum,LOG_DELETED|LOG_STARTED|LOG_IN_PROGRESS|LOG_GENERATED|REQUESTED
CONFIGEVNT,0:REQUESTED;1:MODIFIED;2:DELETED,Value table for CONFIGEVNT,enum,REQUESTED|MODIFIED|DELETED
JOYOPTPDL,0:NA;1:JOYSTICK;2:OPTION_PEDAL;3:JOYSTICK_OPTION_PEDAL,Value table for JOYOPTPDL,enum,JOYSTICK|OPTION_PEDAL|JOYSTICK_OPTION_PEDAL
TRVLSWG,0:TRAVEL_SWING;1:TRAVEL;2:SWING,Value table for TRVLSWG,enum,TRAVEL_SWING|TRAVEL|SWING
OPTRTTTYPE,0:NA;1:ENCON;3:STEELWRIST;4:ROTOTILT,Value table for OPTRTTTYPE,enum,ENCON|STEELWRIST|ROTOTILT
NORRVS,0:NORMAL;1:REVERSE,Value table for NORRVS,enum,NORMAL|REVERSE
WIPER,0:PARALLEL_WIPER;1:BASIC_WIPER;2:BASIC_WIPER_LOW_WIPER,Value table for WIPER,enum,PARALLEL_WIPER|BASIC_WIPER|BASIC_WIPER_LOW_WIPER
MGMC,0:NONE;1:2D_MACHINE_GUIDANCE;2:3D_MACHINE_GUIDANCE;3:2D_MACHINE_GUIDANCE_SMART_CTRL;4:3D_MACHINE_GUIDANCE_SMART_CTRL,Value table for MGMC,enum,2D_MACHINE_GUIDANCE|3D_MACHINE_GUIDANCE|2D_MACHINE_GUIDANCE_SMART_CTRL|3D_MACHINE_GUIDANCE_SMART_CTRL
FANTYPE,0:HYDRAULIC_FAN;1:FAN_CLUTCH;2:DIRECT_FAN,Value table for FANTYPE,enum,HYDRAULIC_FAN|FAN_CLUTCH|DIRECT_FAN
JOYFUNCBTN,0:NOT_USED;1:ONE_TOUCH_DECELERATION;2:BREAKER_OR_POWER_UP;3:TEMP_RESET_OF_INTEL_FLOAT_BOOM;4:WIPER;5:AUDIO_MUTE;11:WEIGHT_MEASUREMENT_ON_OFF;12:RE_MEASURE;13:CANCEL_BUCKET;14:LOAD_BUCKET;15:SAVE_TRUCK;16:RESET_TRUCK;41:SMART_BREAKER_ON_OFF;43:JOYSTICK_DRIVING_ON_OFF,Value table for JOYFUNCBTN,enum,NOT_USED|ONE_TOUCH_DECELERATION|BREAKER_OR_POWER_UP|TEMP_RESET_OF_INTEL_FLOAT_BOOM|WIPER|AUDIO_MUTE|WEIGHT_MEASUREMENT_ON_OFF|RE_MEASURE|CANCEL_BUCKET|LOAD_BUCKET|SAVE_TRUCK|RESET_TRUCK|SMART_BREAKER_ON_OFF|JOYSTICK_DRIVING_ON_OFF
AUTOBRKSS,125:VERY_HIGH;126:HIGH;127:SLIGHTLY_HIGH;128:MEDIUM;129:SLIGHTLY_LOW;130:LOW;131:VERY_LOW,Value table for AUTOBRKSS,enum,VERY_HIGH|HIGH|SLIGHTLY_HIGH|MEDIUM|SLIGHTLY_LOW|LOW|VERY_LOW
RTTSPDRATIO,4:STRONGLY_PREFER_BOOM;5:PREFER_BOOM;6:SLIGHLTY_PREFER_BOOM;7:EQUAL;8:SLIGHTLY_PREFER_SWING;9:PREFER_SWING;10:STRONGLY_PREFER_SWING,Value table for RTTSPDRATIO,enum,STRONGLY_PREFER_BOOM|PREFER_BOOM|SLIGHLTY_PREFER_BOOM|EQUAL|SLIGHTLY_PREFER_SWING|PREFER_SWING|STRONGLY_PREFER_SWING
JOYFUNCTHW,0:NOT_USED;1:TR_TILT;2:TR_ROTATE;10:SHARE;11:ROTATE;13:DOZER,Value table for JOYFUNCTHW,enum,NOT_USED|TR_TILT|TR_ROTATE|SHARE|ROTATE|DOZER
ALTEVNT,0:STATUS_CHANGE;1:GET_REPORT;2:FIRST_KEY_ON;3:FIRST_ENGINE_ON,Value table for ALTEVNT,enum,STATUS_CHANGE|GET_REPORT|FIRST_KEY_ON|FIRST_ENGINE_ON
EGOILGRD,0:SAE10W40,Value table for EGOILGRD,enum,SAE10W40
HYDOILGRD,0:VG32;1:VG46;2:VG68,Value table for HYDOILGRD,enum,VG32|VG46|VG68
EGDERATING,0:DERATING_CONTROL_OFF;1:DERATING_CONTROL_ON;2:ERR;3:NA,Value table for EGDERATING,enum,DERATING_CONTROL_OFF|DERATING_CONTROL_ON
TRACTIONCTRL,0:MAX;1:CONTROL_MODE;2:SLIP_MODE,Value table for TRACTIONCTRL,enum,MAX|CONTROL_MODE|SLIP_MODE
TRACTIONLVSEL,0:A;1:B;2:C,Value table for TRACTIONLVSEL,enum,A|B|C
RANGE,0:RANGE1;1:RANGE2;2:RANGE3,Value table for RANGE,enum,RANGE1|RANGE2|RANGE3
REQEGMD,0:ECO;1:NORMAL;2:POWER,Value table for REQEGMD,enum,ECO|NORMAL|POWER
JOYTYPESEL,0:ELECTRIC_TYPE;1:LOCKER_TYPE,Value table for JOYTYPESEL,enum,ELECTRIC_TYPE|LOCKER_TYPE
MAXSPDLMT,0:UNLIMIT;1:LIMIT,Value table for MAXSPDLMT,enum,UNLIMIT|LIMIT
AUTOSHIFT,0:AUTO_LOW_SPEED;1:AUTO_HIGH_SPEED,Value table for AUTOSHIFT,enum,AUTO_LOW_SPEED|AUTO_HIGH_SPEED
CHARGINGST,0:OFF;1:CHARGING;2:CHARGING_COMPLETE;3:FOD_STATUS,Value table for CHARGINGST,enum,OFF|CHARGING|CHARGING_COMPLETE|FOD_STATUS
STATESYB,0:OFF;1:STATE1_WHITE;2:STATE2_GREEN,Value table for STATESYB,enum,OFF|STATE1_WHITE|STATE2_GREEN
TMSHIFTMD,0:MANUAL;1:AUTO_LIGHT;2:AUTO_NORMAL;3:AUTO_HEAVY,Value table for TMSHIFTMD,enum,MANUAL|AUTO_LIGHT|AUTO_NORMAL|AUTO_HEAVY
TIPOFFASTST,0:OFF;1:DISABLE;2:WAIT;3:READY;4:IN_PROGRESS;5:COMPLETE;6:INTERUPT,Value table for TIPOFFASTST,enum,OFF|DISABLE|WAIT|READY|IN_PROGRESS|COMPLETE|INTERUPT
TIPOFFMNST,0:OFF;1:DISABLE;2:READY;3:IN_PROGRESS,Value table for TIPOFFMNST,enum,OFF|DISABLE|READY|IN_PROGRESS
VHCCHGST,0:OFF;1:READY_FOR_CHARGING;2:CHARGING;3:CANNOT_CHARGE,Value table for VHCCHGST,enum,OFF|READY_FOR_CHARGING|CHARGING|CANNOT_CHARGE
CHGTYPE,0:OFF;1:SLOW_CHARGING;2:FAST_CHARGING,Value table for CHGTYPE,enum,OFF|SLOW_CHARGING|FAST_CHARGING
NORON,0:NORMAL_STATUS;1:ON,Value table for NORON,enum,NORMAL_STATUS|ON
OBJID,0:OBJECT_10;1:OBJECT_9;2:OBJECT_8;3:OBJECT_7;4:OBJECT_6;5:OBJECT_5;6:OBJECT_4;7:OBJECT_3;8:OBJECT_2;9:OBJECT_1;10:OBJECT_0,Value table for OBJID,enum,OBJECT_10|OBJECT_9|OBJECT_8|OBJECT_7|OBJECT_6|OBJECT_5|OBJECT_4|OBJECT_3|OBJECT_2|OBJECT_1|OBJECT_0
OD,0:NO_OD_IN_ZONE_1;1:LEVEL_A;2:LEVEL_B;3:LEVEL_C;4:LEVEL_D,Value table for OD,enum,NO_OD_IN_ZONE_1|LEVEL_A|LEVEL_B|LEVEL_C|LEVEL_D
OVERTURNWARN,0:OFF;1:OVERTURN_WARNING_1;2:OVERTURN_WARNING_2,Value table for OVERTURNWARN,enum,OFF|OVERTURN_WARNING_1|OVERTURN_WARNING_2
MC3DREADY,0:NOT_READY;1:READY;2:MC_3D_CALIBRATION,Value table for MC3DREADY,enum,NOT_READY|READY|MC_3D_CALIBRATION
MC3DST,0:MANUAL;1:AUTO;2:AUTO_SUSPEND,Value table for MC3DST,enum,MANUAL|AUTO|AUTO_SUSPEND
OFFREADYON,0:OFF;1:READY;2:ON,Value table for OFFREADYON,enum,OFF|READY|ON
PHMOPT,0:NONE;1:BASIC;2:PREMIUM,Value table for PHMOPT,enum,BASIC|PREMIUM
